,Value,Year,Month
0,28.0,1.0,0.0
1,40.0,1.0,0.09090909090909091
2,27.0,1.0,0.1818181818181818
3,26.0,1.0,0.2727272727272727
4,40.0,1.0,0.36363636363636365
5,49.0,1.0,0.4545454545454545
6,58.0,1.0,0.5454545454545454
7,46.0,1.0,0.6363636363636364
8,46.0,1.0,0.7272727272727273
9,34.0,1.0,0.8181818181818182
10,23.0,1.0,0.9090909090909091
11,13.0,1.0,0.9999999999999999
12,22.0,0.9500000000000001,0.0
13,28.0,0.9500000000000001,0.09090909090909091
14,34.0,0.9500000000000001,0.1818181818181818
15,36.0,0.9500000000000001,0.2727272727272727
16,39.0,0.9500000000000001,0.36363636363636365
17,40.0,0.9500000000000001,0.4545454545454545
18,48.0,0.9500000000000001,0.5454545454545454
19,31.0,0.9500000000000001,0.6363636363636364
20,47.0,0.9500000000000001,0.7272727272727273
21,45.0,0.9500000000000001,0.8181818181818182
22,29.0,0.9500000000000001,0.9090909090909091
23,35.0,0.9500000000000001,0.9999999999999999
24,22.0,0.9,0.0
25,24.0,0.9,0.09090909090909091
26,32.0,0.9,0.1818181818181818
27,25.0,0.9,0.2727272727272727
28,34.0,0.9,0.36363636363636365
29,39.0,0.9,0.4545454545454545
30,51.0,0.9,0.5454545454545454
31,40.0,0.9,0.6363636363636364
32,36.0,0.9,0.7272727272727273
33,43.0,0.9,0.8181818181818182
34,31.0,0.9,0.9090909090909091
35,21.0,0.9,0.9999999999999999
36,19.0,0.8500000000000001,0.0
37,22.0,0.8500000000000001,0.09090909090909091
38,36.0,0.8500000000000001,0.1818181818181818
39,26.0,0.8500000000000001,0.2727272727272727
40,29.0,0.8500000000000001,0.36363636363636365
41,41.0,0.8500000000000001,0.4545454545454545
42,52.0,0.8500000000000001,0.5454545454545454
43,30.0,0.8500000000000001,0.6363636363636364
44,47.0,0.8500000000000001,0.7272727272727273
45,32.0,0.8500000000000001,0.8181818181818182
46,33.0,0.8500000000000001,0.9090909090909091
47,42.0,0.8500000000000001,0.9999999999999999
48,21.0,0.8,0.0
49,10.0,0.8,0.09090909090909091
50,20.0,0.8,0.1818181818181818
51,27.0,0.8,0.2727272727272727
52,25.0,0.8,0.36363636363636365
53,30.0,0.8,0.4545454545454545
54,35.0,0.8,0.5454545454545454
55,34.0,0.8,0.6363636363636364
56,29.0,0.8,0.7272727272727273
57,30.0,0.8,0.8181818181818182
58,20.0,0.8,0.9090909090909091
59,20.0,0.8,0.9999999999999999
60,22.0,0.75,0.0
61,23.0,0.75,0.09090909090909091
62,23.0,0.75,0.1818181818181818
63,29.0,0.75,0.2727272727272727
64,50.0,0.75,0.36363636363636365
65,39.0,0.75,0.4545454545454545
66,49.0,0.75,0.5454545454545454
67,49.0,0.75,0.6363636363636364
68,45.0,0.75,0.7272727272727273
69,25.0,0.75,0.8181818181818182
70,30.0,0.75,0.9090909090909091
71,27.0,0.75,0.9999999999999999
72,21.0,0.7000000000000001,0.0
73,17.0,0.7000000000000001,0.09090909090909091
74,37.0,0.7000000000000001,0.1818181818181818
75,35.0,0.7000000000000001,0.2727272727272727
76,28.0,0.7000000000000001,0.36363636363636365
77,31.0,0.7000000000000001,0.4545454545454545
78,35.0,0.7000000000000001,0.5454545454545454
79,32.0,0.7000000000000001,0.6363636363636364
80,43.0,0.7000000000000001,0.7272727272727273
81,36.0,0.7000000000000001,0.8181818181818182
82,42.0,0.7000000000000001,0.9090909090909091
83,25.0,0.7000000000000001,0.9999999999999999
84,17.0,0.65,0.0
85,15.0,0.65,0.09090909090909091
86,21.0,0.65,0.1818181818181818
87,28.0,0.65,0.2727272727272727
88,33.0,0.65,0.36363636363636365
89,37.0,0.65,0.4545454545454545
90,42.0,0.65,0.5454545454545454
91,39.0,0.65,0.6363636363636364
92,47.0,0.65,0.7272727272727273
93,31.0,0.65,0.8181818181818182
94,35.0,0.65,0.9090909090909091
95,32.0,0.65,0.9999999999999999
96,21.0,0.6000000000000001,0.0
97,18.0,0.6000000000000001,0.09090909090909091
98,21.0,0.6000000000000001,0.1818181818181818
99,34.0,0.6000000000000001,0.2727272727272727
100,54.0,0.6000000000000001,0.36363636363636365
101,43.0,0.6000000000000001,0.4545454545454545
102,56.0,0.6000000000000001,0.5454545454545454
103,55.0,0.6000000000000001,0.6363636363636364
104,49.0,0.6000000000000001,0.7272727272727273
105,32.0,0.6000000000000001,0.8181818181818182
106,30.0,0.6000000000000001,0.9090909090909091
107,27.0,0.6000000000000001,0.9999999999999999
108,25.0,0.55,0.0
109,25.0,0.55,0.09090909090909091
110,22.0,0.55,0.1818181818181818
111,43.0,0.55,0.2727272727272727
112,43.0,0.55,0.36363636363636365
113,27.0,0.55,0.4545454545454545
114,39.0,0.55,0.5454545454545454
115,34.0,0.55,0.6363636363636364
116,36.0,0.55,0.7272727272727273
117,26.0,0.55,0.8181818181818182
118,40.0,0.55,0.9090909090909091
119,37.0,0.55,0.9999999999999999
120,19.0,0.5,0.0
121,23.0,0.5,0.09090909090909091
122,31.0,0.5,0.1818181818181818
123,33.0,0.5,0.2727272727272727
124,34.0,0.5,0.36363636363636365
125,39.0,0.5,0.4545454545454545
126,48.0,0.5,0.5454545454545454
127,40.0,0.5,0.6363636363636364
128,54.0,0.5,0.7272727272727273
129,27.0,0.5,0.8181818181818182
130,28.0,0.5,0.9090909090909091
131,26.0,0.5,0.9999999999999999
132,23.0,0.45,0.0
133,32.0,0.45,0.09090909090909091
134,14.0,0.45,0.1818181818181818
135,45.0,0.45,0.2727272727272727
136,57.0,0.45,0.36363636363636365
137,31.0,0.45,0.4545454545454545
138,44.0,0.45,0.5454545454545454
139,35.0,0.45,0.6363636363636364
140,49.0,0.45,0.7272727272727273
141,35.0,0.45,0.8181818181818182
142,31.0,0.45,0.9090909090909091
143,34.0,0.45,0.9999999999999999
144,32.0,0.4,0.0
145,30.0,0.4,0.09090909090909091
146,30.0,0.4,0.1818181818181818
147,25.0,0.4,0.2727272727272727
148,57.0,0.4,0.36363636363636365
149,56.0,0.4,0.4545454545454545
150,52.0,0.4,0.5454545454545454
151,44.0,0.4,0.6363636363636364
152,49.0,0.4,0.7272727272727273
153,45.0,0.4,0.8181818181818182
154,27.0,0.4,0.9090909090909091
155,35.0,0.4,0.9999999999999999
156,36.0,0.35000000000000003,0.0
157,32.0,0.35000000000000003,0.09090909090909091
158,38.0,0.35000000000000003,0.1818181818181818
159,49.0,0.35000000000000003,0.2727272727272727
160,63.0,0.35000000000000003,0.36363636363636365
161,51.0,0.35000000000000003,0.4545454545454545
162,65.0,0.35000000000000003,0.5454545454545454
163,44.0,0.35000000000000003,0.6363636363636364
164,54.0,0.35000000000000003,0.7272727272727273
165,55.0,0.35000000000000003,0.8181818181818182
166,36.0,0.35000000000000003,0.9090909090909091
167,37.0,0.35000000000000003,0.9999999999999999
168,44.0,0.30000000000000004,0.0
169,50.0,0.30000000000000004,0.09090909090909091
170,40.0,0.30000000000000004,0.1818181818181818
171,40.0,0.30000000000000004,0.2727272727272727
172,53.0,0.30000000000000004,0.36363636363636365
173,51.0,0.30000000000000004,0.4545454545454545
174,64.0,0.30000000000000004,0.5454545454545454
175,48.0,0.30000000000000004,0.6363636363636364
176,64.0,0.30000000000000004,0.7272727272727273
177,45.0,0.30000000000000004,0.8181818181818182
178,48.0,0.30000000000000004,0.9090909090909091
179,52.0,0.30000000000000004,0.9999999999999999
180,48.0,0.25,0.0
181,40.0,0.25,0.09090909090909091
182,40.0,0.25,0.1818181818181818
183,40.0,0.25,0.2727272727272727
184,48.0,0.25,0.36363636363636365
185,57.0,0.25,0.4545454545454545
186,63.0,0.25,0.5454545454545454
187,48.0,0.25,0.6363636363636364
188,76.0,0.25,0.7272727272727273
189,57.0,0.25,0.8181818181818182
190,42.0,0.25,0.9090909090909091
191,41.0,0.25,0.9999999999999999
192,42.0,0.2,0.0
193,48.0,0.2,0.09090909090909091
194,44.0,0.2,0.1818181818181818
195,37.0,0.2,0.2727272727272727
196,55.0,0.2,0.36363636363636365
197,58.0,0.2,0.4545454545454545
198,67.0,0.2,0.5454545454545454
199,58.0,0.2,0.6363636363636364
200,79.0,0.2,0.7272727272727273
201,68.0,0.2,0.8181818181818182
202,51.0,0.2,0.9090909090909091
203,52.0,0.2,0.9999999999999999
204,55.0,0.15000000000000002,0.0
205,44.0,0.15000000000000002,0.09090909090909091
206,53.0,0.15000000000000002,0.1818181818181818
207,50.0,0.15000000000000002,0.2727272727272727
208,65.0,0.15000000000000002,0.36363636363636365
209,82.0,0.15000000000000002,0.4545454545454545
210,76.0,0.15000000000000002,0.5454545454545454
211,66.0,0.15000000000000002,0.6363636363636364
212,63.0,0.15000000000000002,0.7272727272727273
213,74.0,0.15000000000000002,0.8181818181818182
214,44.0,0.15000000000000002,0.9090909090909091
215,58.0,0.15000000000000002,0.9999999999999999
216,44.0,0.1,0.0
217,49.0,0.1,0.09090909090909091
218,61.0,0.1,0.1818181818181818
219,65.0,0.1,0.2727272727272727
220,58.0,0.1,0.36363636363636365
221,74.0,0.1,0.4545454545454545
222,84.0,0.1,0.5454545454545454
223,71.0,0.1,0.6363636363636364
224,107.0,0.1,0.7272727272727273
225,83.0,0.1,0.8181818181818182
226,44.0,0.1,0.9090909090909091
227,63.0,0.1,0.9999999999999999
228,66.0,0.05,0.0
229,49.0,0.05,0.09090909090909091
230,63.0,0.05,0.1818181818181818
231,68.0,0.05,0.2727272727272727
232,85.0,0.05,0.36363636363636365
233,68.0,0.05,0.4545454545454545
234,71.0,0.05,0.5454545454545454
235,60.0,0.05,0.6363636363636364
236,107.0,0.05,0.7272727272727273
237,77.0,0.05,0.8181818181818182
238,68.0,0.05,0.9090909090909091
239,66.0,0.05,0.9999999999999999
240,78.0,0.0,0.0
241,53.0,0.0,0.09090909090909091
242,73.0,0.0,0.1818181818181818
243,78.0,0.0,0.2727272727272727
244,96.0,0.0,0.36363636363636365
245,57.0,0.0,0.4545454545454545
246,99.0,0.0,0.5454545454545454
247,77.0,0.0,0.6363636363636364
248,84.0,0.0,0.7272727272727273
249,83.0,0.0,0.8181818181818182
250,71.0,0.0,0.9090909090909091
251,85.0,0.0,0.9999999999999999
252,11.0,1.0,0.0
253,19.0,1.0,0.09090909090909091
254,13.0,1.0,0.1818181818181818
255,15.0,1.0,0.2727272727272727
256,26.0,1.0,0.36363636363636365
257,30.0,1.0,0.4545454545454545
258,43.0,1.0,0.5454545454545454
259,29.0,1.0,0.6363636363636364
260,24.0,1.0,0.7272727272727273
261,20.0,1.0,0.8181818181818182
262,11.0,1.0,0.9090909090909091
263,9.0,1.0,0.9999999999999999
264,7.0,0.9500000000000001,0.0
265,7.0,0.9500000000000001,0.09090909090909091
266,22.0,0.9500000000000001,0.1818181818181818
267,18.0,0.9500000000000001,0.2727272727272727
268,21.0,0.9500000000000001,0.36363636363636365
269,24.0,0.9500000000000001,0.4545454545454545
270,34.0,0.9500000000000001,0.5454545454545454
271,23.0,0.9500000000000001,0.6363636363636364
272,20.0,0.9500000000000001,0.7272727272727273
273,20.0,0.9500000000000001,0.8181818181818182
274,19.0,0.9500000000000001,0.9090909090909091
275,12.0,0.9500000000000001,0.9999999999999999
276,8.0,0.9,0.0
277,13.0,0.9,0.09090909090909091
278,12.0,0.9,0.1818181818181818
279,8.0,0.9,0.2727272727272727
280,23.0,0.9,0.36363636363636365
281,14.0,0.9,0.4545454545454545
282,29.0,0.9,0.5454545454545454
283,18.0,0.9,0.6363636363636364
284,22.0,0.9,0.7272727272727273
285,16.0,0.9,0.8181818181818182
286,13.0,0.9,0.9090909090909091
287,6.0,0.9,0.9999999999999999
288,4.0,0.8500000000000001,0.0
289,4.0,0.8500000000000001,0.09090909090909091
290,15.0,0.8500000000000001,0.1818181818181818
291,10.0,0.8500000000000001,0.2727272727272727
292,16.0,0.8500000000000001,0.36363636363636365
293,27.0,0.8500000000000001,0.4545454545454545
294,18.0,0.8500000000000001,0.5454545454545454
295,14.0,0.8500000000000001,0.6363636363636364
296,22.0,0.8500000000000001,0.7272727272727273
297,16.0,0.8500000000000001,0.8181818181818182
298,13.0,0.8500000000000001,0.9090909090909091
299,17.0,0.8500000000000001,0.9999999999999999
300,6.0,0.8,0.0
301,3.0,0.8,0.09090909090909091
302,6.0,0.8,0.1818181818181818
303,8.0,0.8,0.2727272727272727
304,17.0,0.8,0.36363636363636365
305,19.0,0.8,0.4545454545454545
306,23.0,0.8,0.5454545454545454
307,12.0,0.8,0.6363636363636364
308,22.0,0.8,0.7272727272727273
309,11.0,0.8,0.8181818181818182
310,7.0,0.8,0.9090909090909091
311,10.0,0.8,0.9999999999999999
312,21.0,0.75,0.0
313,3.0,0.75,0.09090909090909091
314,9.0,0.75,0.1818181818181818
315,23.0,0.75,0.2727272727272727
316,30.0,0.75,0.36363636363636365
317,19.0,0.75,0.4545454545454545
318,37.0,0.75,0.5454545454545454
319,29.0,0.75,0.6363636363636364
320,25.0,0.75,0.7272727272727273
321,12.0,0.75,0.8181818181818182
322,11.0,0.75,0.9090909090909091
323,6.0,0.75,0.9999999999999999
324,4.0,0.7000000000000001,0.0
325,7.0,0.7000000000000001,0.09090909090909091
326,16.0,0.7000000000000001,0.1818181818181818
327,15.0,0.7000000000000001,0.2727272727272727
328,19.0,0.7000000000000001,0.36363636363636365
329,16.0,0.7000000000000001,0.4545454545454545
330,21.0,0.7000000000000001,0.5454545454545454
331,13.0,0.7000000000000001,0.6363636363636364
332,18.0,0.7000000000000001,0.7272727272727273
333,21.0,0.7000000000000001,0.8181818181818182
334,14.0,0.7000000000000001,0.9090909090909091
335,3.0,0.7000000000000001,0.9999999999999999
336,2.0,0.65,0.0
337,0.0,0.65,0.09090909090909091
338,8.0,0.65,0.1818181818181818
339,5.0,0.65,0.2727272727272727
340,21.0,0.65,0.36363636363636365
341,20.0,0.65,0.4545454545454545
342,24.0,0.65,0.5454545454545454
343,22.0,0.65,0.6363636363636364
344,17.0,0.65,0.7272727272727273
345,12.0,0.65,0.8181818181818182
346,12.0,0.65,0.9090909090909091
347,10.0,0.65,0.9999999999999999
348,11.0,0.6000000000000001,0.0
349,5.0,0.6000000000000001,0.09090909090909091
350,5.0,0.6000000000000001,0.1818181818181818
351,22.0,0.6000000000000001,0.2727272727272727
352,33.0,0.6000000000000001,0.36363636363636365
353,35.0,0.6000000000000001,0.4545454545454545
354,30.0,0.6000000000000001,0.5454545454545454
355,31.0,0.6000000000000001,0.6363636363636364
356,24.0,0.6000000000000001,0.7272727272727273
357,6.0,0.6000000000000001,0.8181818181818182
358,10.0,0.6000000000000001,0.9090909090909091
359,11.0,0.6000000000000001,0.9999999999999999
360,16.0,0.55,0.0
361,7.0,0.55,0.09090909090909091
362,9.0,0.55,0.1818181818181818
363,27.0,0.55,0.2727272727272727
364,20.0,0.55,0.36363636363636365
365,21.0,0.55,0.4545454545454545
366,27.0,0.55,0.5454545454545454
367,17.0,0.55,0.6363636363636364
368,22.0,0.55,0.7272727272727273
369,10.0,0.55,0.8181818181818182
370,16.0,0.55,0.9090909090909091
371,6.0,0.55,0.9999999999999999
372,7.0,0.5,0.0
373,10.0,0.5,0.09090909090909091
374,12.0,0.5,0.1818181818181818
375,25.0,0.5,0.2727272727272727
376,15.0,0.5,0.36363636363636365
377,20.0,0.5,0.4545454545454545
378,29.0,0.5,0.5454545454545454
379,25.0,0.5,0.6363636363636364
380,26.0,0.5,0.7272727272727273
381,13.0,0.5,0.8181818181818182
382,7.0,0.5,0.9090909090909091
383,12.0,0.5,0.9999999999999999
384,7.0,0.45,0.0
385,12.0,0.45,0.09090909090909091
386,5.0,0.45,0.1818181818181818
387,31.0,0.45,0.2727272727272727
388,34.0,0.45,0.36363636363636365
389,19.0,0.45,0.4545454545454545
390,27.0,0.45,0.5454545454545454
391,26.0,0.45,0.6363636363636364
392,18.0,0.45,0.7272727272727273
393,15.0,0.45,0.8181818181818182
394,5.0,0.45,0.9090909090909091
395,14.0,0.45,0.9999999999999999
396,8.0,0.4,0.0
397,16.0,0.4,0.09090909090909091
398,9.0,0.4,0.1818181818181818
399,10.0,0.4,0.2727272727272727
400,37.0,0.4,0.36363636363636365
401,32.0,0.4,0.4545454545454545
402,24.0,0.4,0.5454545454545454
403,23.0,0.4,0.6363636363636364
404,28.0,0.4,0.7272727272727273
405,19.0,0.4,0.8181818181818182
406,14.0,0.4,0.9090909090909091
407,20.0,0.4,0.9999999999999999
408,13.0,0.35000000000000003,0.0
409,15.0,0.35000000000000003,0.09090909090909091
410,14.0,0.35000000000000003,0.1818181818181818
411,27.0,0.35000000000000003,0.2727272727272727
412,39.0,0.35000000000000003,0.36363636363636365
413,27.0,0.35000000000000003,0.4545454545454545
414,38.0,0.35000000000000003,0.5454545454545454
415,20.0,0.35000000000000003,0.6363636363636364
416,24.0,0.35000000000000003,0.7272727272727273
417,18.0,0.35000000000000003,0.8181818181818182
418,26.0,0.35000000000000003,0.9090909090909091
419,20.0,0.35000000000000003,0.9999999999999999
420,21.0,0.30000000000000004,0.0
421,21.0,0.30000000000000004,0.09090909090909091
422,14.0,0.30000000000000004,0.1818181818181818
423,16.0,0.30000000000000004,0.2727272727272727
424,28.0,0.30000000000000004,0.36363636363636365
425,22.0,0.30000000000000004,0.4545454545454545
426,37.0,0.30000000000000004,0.5454545454545454
427,25.0,0.30000000000000004,0.6363636363636364
428,35.0,0.30000000000000004,0.7272727272727273
429,24.0,0.30000000000000004,0.8181818181818182
430,22.0,0.30000000000000004,0.9090909090909091
431,21.0,0.30000000000000004,0.9999999999999999
432,13.0,0.25,0.0
433,14.0,0.25,0.09090909090909091
434,13.0,0.25,0.1818181818181818
435,19.0,0.25,0.2727272727272727
436,21.0,0.25,0.36363636363636365
437,31.0,0.25,0.4545454545454545
438,26.0,0.25,0.5454545454545454
439,33.0,0.25,0.6363636363636364
440,50.0,0.25,0.7272727272727273
441,35.0,0.25,0.8181818181818182
442,14.0,0.25,0.9090909090909091
443,12.0,0.25,0.9999999999999999
444,10.0,0.2,0.0
445,21.0,0.2,0.09090909090909091
446,18.0,0.2,0.1818181818181818
447,10.0,0.2,0.2727272727272727
448,30.0,0.2,0.36363636363636365
449,25.0,0.2,0.4545454545454545
450,44.0,0.2,0.5454545454545454
451,47.0,0.2,0.6363636363636364
452,41.0,0.2,0.7272727272727273
453,26.0,0.2,0.8181818181818182
454,20.0,0.2,0.9090909090909091
455,12.0,0.2,0.9999999999999999
456,18.0,0.15000000000000002,0.0
457,16.0,0.15000000000000002,0.09090909090909091
458,17.0,0.15000000000000002,0.1818181818181818
459,25.0,0.15000000000000002,0.2727272727272727
460,26.0,0.15000000000000002,0.36363636363636365
461,41.0,0.15000000000000002,0.4545454545454545
462,35.0,0.15000000000000002,0.5454545454545454
463,40.0,0.15000000000000002,0.6363636363636364
464,26.0,0.15000000000000002,0.7272727272727273
465,17.0,0.15000000000000002,0.8181818181818182
466,31.0,0.15000000000000002,0.9090909090909091
467,27.0,0.15000000000000002,0.9999999999999999
468,24.0,0.1,0.0
469,22.0,0.1,0.09090909090909091
470,21.0,0.1,0.1818181818181818
471,28.0,0.1,0.2727272727272727
472,32.0,0.1,0.36363636363636365
473,42.0,0.1,0.4545454545454545
474,40.0,0.1,0.5454545454545454
475,29.0,0.1,0.6363636363636364
476,51.0,0.1,0.7272727272727273
477,53.0,0.1,0.8181818181818182
478,10.0,0.1,0.9090909090909091
479,27.0,0.1,0.9999999999999999
480,36.0,0.05,0.0
481,20.0,0.05,0.09090909090909091
482,36.0,0.05,0.1818181818181818
483,32.0,0.05,0.2727272727272727
484,32.0,0.05,0.36363636363636365
485,46.0,0.05,0.4545454545454545
486,35.0,0.05,0.5454545454545454
487,21.0,0.05,0.6363636363636364
488,48.0,0.05,0.7272727272727273
489,37.0,0.05,0.8181818181818182
490,25.0,0.05,0.9090909090909091
491,23.0,0.05,0.9999999999999999
492,37.0,0.0,0.0
493,19.0,0.0,0.09090909090909091
494,18.0,0.0,0.1818181818181818
495,26.0,0.0,0.2727272727272727
496,44.0,0.0,0.36363636363636365
497,32.0,0.0,0.4545454545454545
498,37.0,0.0,0.5454545454545454
499,32.0,0.0,0.6363636363636364
500,45.0,0.0,0.7272727272727273
501,31.0,0.0,0.8181818181818182
502,24.0,0.0,0.9090909090909091
503,31.0,0.0,0.9999999999999999
504,791.0,1.0,0.0
505,870.0,1.0,0.09090909090909091
506,744.0,1.0,0.1818181818181818
507,607.0,1.0,0.2727272727272727
508,859.0,1.0,0.36363636363636365
509,905.0,1.0,0.4545454545454545
510,1010.0,1.0,0.5454545454545454
511,735.0,1.0,0.6363636363636364
512,948.0,1.0,0.7272727272727273
513,997.0,1.0,0.8181818181818182
514,864.0,1.0,0.9090909090909091
515,694.0,1.0,0.9999999999999999
516,927.0,0.9500000000000001,0.0
517,883.0,0.9500000000000001,0.09090909090909091
518,1005.0,0.9500000000000001,0.1818181818181818
519,967.0,0.9500000000000001,0.2727272727272727
520,1014.0,0.9500000000000001,0.36363636363636365
521,994.0,0.9500000000000001,0.4545454545454545
522,1187.0,0.9500000000000001,0.5454545454545454
523,820.0,0.9500000000000001,0.6363636363636364
524,996.0,0.9500000000000001,0.7272727272727273
525,1088.0,0.9500000000000001,0.8181818181818182
526,967.0,0.9500000000000001,0.9090909090909091
527,925.0,0.9500000000000001,0.9999999999999999
528,860.0,0.9,0.0
529,774.0,0.9,0.09090909090909091
530,954.0,0.9,0.1818181818181818
531,1010.0,0.9,0.2727272727272727
532,994.0,0.9,0.36363636363636365
533,1034.0,0.9,0.4545454545454545
534,1151.0,0.9,0.5454545454545454
535,813.0,0.9,0.6363636363636364
536,1102.0,0.9,0.7272727272727273
537,1127.0,0.9,0.8181818181818182
538,929.0,0.9,0.9090909090909091
539,900.0,0.9,0.9999999999999999
540,690.0,0.8500000000000001,0.0
541,846.0,0.8500000000000001,0.09090909090909091
542,1060.0,0.8500000000000001,0.1818181818181818
543,895.0,0.8500000000000001,0.2727272727272727
544,1070.0,0.8500000000000001,0.36363636363636365
545,948.0,0.8500000000000001,0.4545454545454545
546,1064.0,0.8500000000000001,0.5454545454545454
547,831.0,0.8500000000000001,0.6363636363636364
548,1009.0,0.8500000000000001,0.7272727272727273
549,1052.0,0.8500000000000001,0.8181818181818182
550,925.0,0.8500000000000001,0.9090909090909091
551,873.0,0.8500000000000001,0.9999999999999999
552,777.0,0.8,0.0
553,775.0,0.8,0.09090909090909091
554,898.0,0.8,0.1818181818181818
555,998.0,0.8,0.2727272727272727
556,850.0,0.8,0.36363636363636365
557,1018.0,0.8,0.4545454545454545
558,1095.0,0.8,0.5454545454545454
559,958.0,0.8,0.6363636363636364
560,958.0,0.8,0.7272727272727273
561,1022.0,0.8,0.8181818181818182
562,960.0,0.8,0.9090909090909091
563,870.0,0.8,0.9999999999999999
564,781.0,0.75,0.0
565,713.0,0.75,0.09090909090909091
566,908.0,0.75,0.1818181818181818
567,966.0,0.75,0.2727272727272727
568,940.0,0.75,0.36363636363636365
569,952.0,0.75,0.4545454545454545
570,1176.0,0.75,0.5454545454545454
571,864.0,0.75,0.6363636363636364
572,1007.0,0.75,0.7272727272727273
573,1110.0,0.75,0.8181818181818182
574,991.0,0.75,0.9090909090909091
575,950.0,0.75,0.9999999999999999
576,778.0,0.7000000000000001,0.0
577,742.0,0.7000000000000001,0.09090909090909091
578,993.0,0.7000000000000001,0.1818181818181818
579,946.0,0.7000000000000001,0.2727272727272727
580,925.0,0.7000000000000001,0.36363636363636365
581,880.0,0.7000000000000001,0.4545454545454545
582,1029.0,0.7000000000000001,0.5454545454545454
583,802.0,0.7000000000000001,0.6363636363636364
584,936.0,0.7000000000000001,0.7272727272727273
585,1042.0,0.7000000000000001,0.8181818181818182
586,943.0,0.7000000000000001,0.9090909090909091
587,830.0,0.7000000000000001,0.9999999999999999
588,796.0,0.65,0.0
589,773.0,0.65,0.09090909090909091
590,906.0,0.65,0.1818181818181818
591,1038.0,0.65,0.2727272727272727
592,848.0,0.65,0.36363636363636365
593,1055.0,0.65,0.4545454545454545
594,1138.0,0.65,0.5454545454545454
595,791.0,0.65,0.6363636363636364
596,1000.0,0.65,0.7272727272727273
597,1074.0,0.65,0.8181818181818182
598,939.0,0.65,0.9090909090909091
599,828.0,0.65,0.9999999999999999
600,713.0,0.6000000000000001,0.0
601,714.0,0.6000000000000001,0.09090909090909091
602,946.0,0.6000000000000001,0.1818181818181818
603,919.0,0.6000000000000001,0.2727272727272727
604,1035.0,0.6000000000000001,0.36363636363636365
605,1041.0,0.6000000000000001,0.4545454545454545
606,1045.0,0.6000000000000001,0.5454545454545454
607,887.0,0.6000000000000001,0.6363636363636364
608,921.0,0.6000000000000001,0.7272727272727273
609,1090.0,0.6000000000000001,0.8181818181818182
610,984.0,0.6000000000000001,0.9090909090909091
611,810.0,0.6000000000000001,0.9999999999999999
612,726.0,0.55,0.0
613,760.0,0.55,0.09090909090909091
614,883.0,0.55,0.1818181818181818
615,835.0,0.55,0.2727272727272727
616,1034.0,0.55,0.36363636363636365
617,783.0,0.55,0.4545454545454545
618,951.0,0.55,0.5454545454545454
619,790.0,0.55,0.6363636363636364
620,906.0,0.55,0.7272727272727273
621,916.0,0.55,0.8181818181818182
622,842.0,0.55,0.9090909090909091
623,832.0,0.55,0.9999999999999999
624,613.0,0.5,0.0
625,683.0,0.5,0.09090909090909091
626,829.0,0.5,0.1818181818181818
627,938.0,0.5,0.2727272727272727
628,743.0,0.5,0.36363636363636365
629,814.0,0.5,0.4545454545454545
630,932.0,0.5,0.5454545454545454
631,794.0,0.5,0.6363636363636364
632,955.0,0.5,0.7272727272727273
633,910.0,0.5,0.8181818181818182
634,827.0,0.5,0.9090909090909091
635,861.0,0.5,0.9999999999999999
636,512.0,0.45,0.0
637,802.0,0.45,0.09090909090909091
638,607.0,0.45,0.1818181818181818
639,776.0,0.45,0.2727272727272727
640,768.0,0.45,0.36363636363636365
641,678.0,0.45,0.4545454545454545
642,991.0,0.45,0.5454545454545454
643,752.0,0.45,0.6363636363636364
644,846.0,0.45,0.7272727272727273
645,953.0,0.45,0.8181818181818182
646,835.0,0.45,0.9090909090909091
647,747.0,0.45,0.9999999999999999
648,727.0,0.4,0.0
649,793.0,0.4,0.09090909090909091
650,763.0,0.4,0.1818181818181818
651,837.0,0.4,0.2727272727272727
652,871.0,0.4,0.36363636363636365
653,859.0,0.4,0.4545454545454545
654,832.0,0.4,0.5454545454545454
655,760.0,0.4,0.6363636363636364
656,747.0,0.4,0.7272727272727273
657,874.0,0.4,0.8181818181818182
658,625.0,0.4,0.9090909090909091
659,657.0,0.4,0.9999999999999999
660,699.0,0.35000000000000003,0.0
661,612.0,0.35000000000000003,0.09090909090909091
662,411.0,0.35000000000000003,0.1818181818181818
663,821.0,0.35000000000000003,0.2727272727272727
664,858.0,0.35000000000000003,0.36363636363636365
665,804.0,0.35000000000000003,0.4545454545454545
666,935.0,0.35000000000000003,0.5454545454545454
667,759.0,0.35000000000000003,0.6363636363636364
668,797.0,0.35000000000000003,0.7272727272727273
669,873.0,0.35000000000000003,0.8181818181818182
670,868.0,0.35000000000000003,0.9090909090909091
671,690.0,0.35000000000000003,0.9999999999999999
672,708.0,0.30000000000000004,0.0
673,698.0,0.30000000000000004,0.09090909090909091
674,1138.0,0.30000000000000004,0.1818181818181818
675,750.0,0.30000000000000004,0.2727272727272727
676,476.0,0.30000000000000004,0.36363636363636365
677,565.0,0.30000000000000004,0.4545454545454545
678,845.0,0.30000000000000004,0.5454545454545454
679,774.0,0.30000000000000004,0.6363636363636364
680,718.0,0.30000000000000004,0.7272727272727273
681,599.0,0.30000000000000004,0.8181818181818182
682,494.0,0.30000000000000004,0.9090909090909091
683,864.0,0.30000000000000004,0.9999999999999999
684,749.0,0.25,0.0
685,961.0,0.25,0.09090909090909091
686,1115.0,0.25,0.1818181818181818
687,937.0,0.25,0.2727272727272727
688,902.0,0.25,0.36363636363636365
689,901.0,0.25,0.4545454545454545
690,951.0,0.25,0.5454545454545454
691,811.0,0.25,0.6363636363636364
692,1086.0,0.25,0.7272727272727273
693,962.0,0.25,0.8181818181818182
694,845.0,0.25,0.9090909090909091
695,817.0,0.25,0.9999999999999999
696,828.0,0.2,0.0
697,723.0,0.2,0.09090909090909091
698,817.0,0.2,0.1818181818181818
699,875.0,0.2,0.2727272727272727
700,867.0,0.2,0.36363636363636365
701,859.0,0.2,0.4545454545454545
702,970.0,0.2,0.5454545454545454
703,784.0,0.2,0.6363636363636364
704,957.0,0.2,0.7272727272727273
705,1022.0,0.2,0.8181818181818182
706,903.0,0.2,0.9090909090909091
707,942.0,0.2,0.9999999999999999
708,747.0,0.15000000000000002,0.0
709,572.0,0.15000000000000002,0.09090909090909091
710,854.0,0.15000000000000002,0.1818181818181818
711,844.0,0.15000000000000002,0.2727272727272727
712,763.0,0.15000000000000002,0.36363636363636365
713,855.0,0.15000000000000002,0.4545454545454545
714,562.0,0.15000000000000002,0.5454545454545454
715,698.0,0.15000000000000002,0.6363636363636364
716,945.0,0.15000000000000002,0.7272727272727273
717,960.0,0.15000000000000002,0.8181818181818182
718,953.0,0.15000000000000002,0.9090909090909091
719,858.0,0.15000000000000002,0.9999999999999999
720,852.0,0.1,0.0
721,817.0,0.1,0.09090909090909091
722,897.0,0.1,0.1818181818181818
723,784.0,0.1,0.2727272727272727
724,857.0,0.1,0.36363636363636365
725,987.0,0.1,0.4545454545454545
726,1026.0,0.1,0.5454545454545454
727,785.0,0.1,0.6363636363636364
728,1039.0,0.1,0.7272727272727273
729,1019.0,0.1,0.8181818181818182
730,882.0,0.1,0.9090909090909091
731,706.0,0.1,0.9999999999999999
732,871.0,0.05,0.0
733,820.0,0.05,0.09090909090909091
734,962.0,0.05,0.1818181818181818
735,897.0,0.05,0.2727272727272727
736,1081.0,0.05,0.36363636363636365
737,905.0,0.05,0.4545454545454545
738,1047.0,0.05,0.5454545454545454
739,814.0,0.05,0.6363636363636364
740,953.0,0.05,0.7272727272727273
741,1104.0,0.05,0.8181818181818182
742,1001.0,0.05,0.9090909090909091
743,941.0,0.05,0.9999999999999999
744,835.0,0.0,0.0
745,890.0,0.0,0.09090909090909091
746,974.0,0.0,0.1818181818181818
747,834.0,0.0,0.2727272727272727
748,1086.0,0.0,0.36363636363636365
749,842.0,0.0,0.4545454545454545
750,1102.0,0.0,0.5454545454545454
751,881.0,0.0,0.6363636363636364
752,978.0,0.0,0.7272727272727273
753,1078.0,0.0,0.8181818181818182
754,1017.0,0.0,0.9090909090909091
755,950.0,0.0,0.9999999999999999
756,28.0,1.0,0.0
757,34.0,1.0,0.09090909090909091
758,33.0,1.0,0.1818181818181818
759,34.0,1.0,0.2727272727272727
760,34.0,1.0,0.36363636363636365
761,49.0,1.0,0.4545454545454545
762,58.0,1.0,0.5454545454545454
763,36.0,1.0,0.6363636363636364
764,49.0,1.0,0.7272727272727273
765,50.0,1.0,0.8181818181818182
766,27.0,1.0,0.9090909090909091
767,33.0,1.0,0.9999999999999999
768,32.0,0.9500000000000001,0.0
769,26.0,0.9500000000000001,0.09090909090909091
770,44.0,0.9500000000000001,0.1818181818181818
771,35.0,0.9500000000000001,0.2727272727272727
772,41.0,0.9500000000000001,0.36363636363636365
773,61.0,0.9500000000000001,0.4545454545454545
774,81.0,0.9500000000000001,0.5454545454545454
775,37.0,0.9500000000000001,0.6363636363636364
776,55.0,0.9500000000000001,0.7272727272727273
777,45.0,0.9500000000000001,0.8181818181818182
778,41.0,0.9500000000000001,0.9090909090909091
779,43.0,0.9500000000000001,0.9999999999999999
780,40.0,0.9,0.0
781,40.0,0.9,0.09090909090909091
782,35.0,0.9,0.1818181818181818
783,44.0,0.9,0.2727272727272727
784,43.0,0.9,0.36363636363636365
785,49.0,0.9,0.4545454545454545
786,72.0,0.9,0.5454545454545454
787,39.0,0.9,0.6363636363636364
788,59.0,0.9,0.7272727272727273
789,60.0,0.9,0.8181818181818182
790,37.0,0.9,0.9090909090909091
791,37.0,0.9,0.9999999999999999
792,22.0,0.8500000000000001,0.0
793,41.0,0.8500000000000001,0.09090909090909091
794,36.0,0.8500000000000001,0.1818181818181818
795,36.0,0.8500000000000001,0.2727272727272727
796,60.0,0.8500000000000001,0.36363636363636365
797,54.0,0.8500000000000001,0.4545454545454545
798,65.0,0.8500000000000001,0.5454545454545454
799,38.0,0.8500000000000001,0.6363636363636364
800,59.0,0.8500000000000001,0.7272727272727273
801,59.0,0.8500000000000001,0.8181818181818182
802,48.0,0.8500000000000001,0.9090909090909091
803,33.0,0.8500000000000001,0.9999999999999999
804,31.0,0.8,0.0
805,24.0,0.8,0.09090909090909091
806,41.0,0.8,0.1818181818181818
807,42.0,0.8,0.2727272727272727
808,44.0,0.8,0.36363636363636365
809,54.0,0.8,0.4545454545454545
810,61.0,0.8,0.5454545454545454
811,70.0,0.8,0.6363636363636364
812,70.0,0.8,0.7272727272727273
813,44.0,0.8,0.8181818181818182
814,32.0,0.8,0.9090909090909091
815,35.0,0.8,0.9999999999999999
816,19.0,0.75,0.0
817,18.0,0.75,0.09090909090909091
818,49.0,0.75,0.1818181818181818
819,45.0,0.75,0.2727272727272727
820,41.0,0.75,0.36363636363636365
821,54.0,0.75,0.4545454545454545
822,65.0,0.75,0.5454545454545454
823,36.0,0.75,0.6363636363636364
824,49.0,0.75,0.7272727272727273
825,52.0,0.75,0.8181818181818182
826,43.0,0.75,0.9090909090909091
827,38.0,0.75,0.9999999999999999
828,29.0,0.7000000000000001,0.0
829,22.0,0.7000000000000001,0.09090909090909091
830,46.0,0.7000000000000001,0.1818181818181818
831,55.0,0.7000000000000001,0.2727272727272727
832,50.0,0.7000000000000001,0.36363636363636365
833,58.0,0.7000000000000001,0.4545454545454545
834,62.0,0.7000000000000001,0.5454545454545454
835,43.0,0.7000000000000001,0.6363636363636364
836,60.0,0.7000000000000001,0.7272727272727273
837,55.0,0.7000000000000001,0.8181818181818182
838,42.0,0.7000000000000001,0.9090909090909091
839,35.0,0.7000000000000001,0.9999999999999999
840,29.0,0.65,0.0
841,22.0,0.65,0.09090909090909091
842,33.0,0.65,0.1818181818181818
843,50.0,0.65,0.2727272727272727
844,43.0,0.65,0.36363636363636365
845,54.0,0.65,0.4545454545454545
846,68.0,0.65,0.5454545454545454
847,36.0,0.65,0.6363636363636364
848,53.0,0.65,0.7272727272727273
849,53.0,0.65,0.8181818181818182
850,53.0,0.65,0.9090909090909091
851,27.0,0.65,0.9999999999999999
852,32.0,0.6000000000000001,0.0
853,20.0,0.6000000000000001,0.09090909090909091
854,44.0,0.6000000000000001,0.1818181818181818
855,37.0,0.6000000000000001,0.2727272727272727
856,64.0,0.6000000000000001,0.36363636363636365
857,61.0,0.6000000000000001,0.4545454545454545
858,64.0,0.6000000000000001,0.5454545454545454
859,64.0,0.6000000000000001,0.6363636363636364
860,61.0,0.6000000000000001,0.7272727272727273
861,61.0,0.6000000000000001,0.8181818181818182
862,49.0,0.6000000000000001,0.9090909090909091
863,23.0,0.6000000000000001,0.9999999999999999
864,26.0,0.55,0.0
865,26.0,0.55,0.09090909090909091
866,32.0,0.55,0.1818181818181818
867,55.0,0.55,0.2727272727272727
868,68.0,0.55,0.36363636363636365
869,49.0,0.55,0.4545454545454545
870,56.0,0.55,0.5454545454545454
871,35.0,0.55,0.6363636363636364
872,52.0,0.55,0.7272727272727273
873,36.0,0.55,0.8181818181818182
874,33.0,0.55,0.9090909090909091
875,30.0,0.55,0.9999999999999999
876,17.0,0.5,0.0
877,21.0,0.5,0.09090909090909091
878,29.0,0.5,0.1818181818181818
879,41.0,0.5,0.2727272727272727
880,31.0,0.5,0.36363636363636365
881,57.0,0.5,0.4545454545454545
882,65.0,0.5,0.5454545454545454
883,48.0,0.5,0.6363636363636364
884,42.0,0.5,0.7272727272727273
885,49.0,0.5,0.8181818181818182
886,33.0,0.5,0.9090909090909091
887,23.0,0.5,0.9999999999999999
888,22.0,0.45,0.0
889,35.0,0.45,0.09090909090909091
890,20.0,0.45,0.1818181818181818
891,43.0,0.45,0.2727272727272727
892,49.0,0.45,0.36363636363636365
893,34.0,0.45,0.4545454545454545
894,61.0,0.45,0.5454545454545454
895,40.0,0.45,0.6363636363636364
896,37.0,0.45,0.7272727272727273
897,47.0,0.45,0.8181818181818182
898,34.0,0.45,0.9090909090909091
899,37.0,0.45,0.9999999999999999
900,27.0,0.4,0.0
901,29.0,0.4,0.09090909090909091
902,25.0,0.4,0.1818181818181818
903,41.0,0.4,0.2727272727272727
904,57.0,0.4,0.36363636363636365
905,59.0,0.4,0.4545454545454545
906,48.0,0.4,0.5454545454545454
907,55.0,0.4,0.6363636363636364
908,48.0,0.4,0.7272727272727273
909,46.0,0.4,0.8181818181818182
910,27.0,0.4,0.9090909090909091
911,27.0,0.4,0.9999999999999999
912,19.0,0.35000000000000003,0.0
913,33.0,0.35000000000000003,0.09090909090909091
914,20.0,0.35000000000000003,0.1818181818181818
915,43.0,0.35000000000000003,0.2727272727272727
916,48.0,0.35000000000000003,0.36363636363636365
917,50.0,0.35000000000000003,0.4545454545454545
918,59.0,0.35000000000000003,0.5454545454545454
919,39.0,0.35000000000000003,0.6363636363636364
920,41.0,0.35000000000000003,0.7272727272727273
921,49.0,0.35000000000000003,0.8181818181818182
922,46.0,0.35000000000000003,0.9090909090909091
923,29.0,0.35000000000000003,0.9999999999999999
924,31.0,0.30000000000000004,0.0
925,33.0,0.30000000000000004,0.09090909090909091
926,34.0,0.30000000000000004,0.1818181818181818
927,25.0,0.30000000000000004,0.2727272727272727
928,33.0,0.30000000000000004,0.36363636363636365
929,40.0,0.30000000000000004,0.4545454545454545
930,78.0,0.30000000000000004,0.5454545454545454
931,40.0,0.30000000000000004,0.6363636363636364
932,66.0,0.30000000000000004,0.7272727272727273
933,43.0,0.30000000000000004,0.8181818181818182
934,38.0,0.30000000000000004,0.9090909090909091
935,44.0,0.30000000000000004,0.9999999999999999
936,24.0,0.25,0.0
937,22.0,0.25,0.09090909090909091
938,33.0,0.25,0.1818181818181818
939,45.0,0.25,0.2727272727272727
940,52.0,0.25,0.36363636363636365
941,53.0,0.25,0.4545454545454545
942,65.0,0.25,0.5454545454545454
943,37.0,0.25,0.6363636363636364
944,81.0,0.25,0.7272727272727273
945,54.0,0.25,0.8181818181818182
946,27.0,0.25,0.9090909090909091
947,32.0,0.25,0.9999999999999999
948,33.0,0.2,0.0
949,31.0,0.2,0.09090909090909091
950,20.0,0.2,0.1818181818181818
951,39.0,0.2,0.2727272727272727
952,41.0,0.2,0.36363636363636365
953,53.0,0.2,0.4545454545454545
954,83.0,0.2,0.5454545454545454
955,48.0,0.2,0.6363636363636364
956,63.0,0.2,0.7272727272727273
957,40.0,0.2,0.8181818181818182
958,46.0,0.2,0.9090909090909091
959,45.0,0.2,0.9999999999999999
960,21.0,0.15000000000000002,0.0
961,20.0,0.15000000000000002,0.09090909090909091
962,44.0,0.15000000000000002,0.1818181818181818
963,30.0,0.15000000000000002,0.2727272727272727
964,56.0,0.15000000000000002,0.36363636363636365
965,81.0,0.15000000000000002,0.4545454545454545
966,35.0,0.15000000000000002,0.5454545454545454
967,41.0,0.15000000000000002,0.6363636363636364
968,50.0,0.15000000000000002,0.7272727272727273
969,47.0,0.15000000000000002,0.8181818181818182
970,59.0,0.15000000000000002,0.9090909090909091
971,78.0,0.15000000000000002,0.9999999999999999
972,36.0,0.1,0.0
973,33.0,0.1,0.09090909090909091
974,39.0,0.1,0.1818181818181818
975,37.0,0.1,0.2727272727272727
976,73.0,0.1,0.36363636363636365
977,74.0,0.1,0.4545454545454545
978,72.0,0.1,0.5454545454545454
979,50.0,0.1,0.6363636363636364
980,77.0,0.1,0.7272727272727273
981,49.0,0.1,0.8181818181818182
982,50.0,0.1,0.9090909090909091
983,38.0,0.1,0.9999999999999999
984,44.0,0.05,0.0
985,51.0,0.05,0.09090909090909091
986,43.0,0.05,0.1818181818181818
987,68.0,0.05,0.2727272727272727
988,67.0,0.05,0.36363636363636365
989,78.0,0.05,0.4545454545454545
990,83.0,0.05,0.5454545454545454
991,57.0,0.05,0.6363636363636364
992,40.0,0.05,0.7272727272727273
993,85.0,0.05,0.8181818181818182
994,32.0,0.05,0.9090909090909091
995,39.0,0.05,0.9999999999999999
996,34.0,0.0,0.0
997,35.0,0.0,0.09090909090909091
998,48.0,0.0,0.1818181818181818
999,57.0,0.0,0.2727272727272727
1000,69.0,0.0,0.36363636363636365
1001,58.0,0.0,0.4545454545454545
1002,67.0,0.0,0.5454545454545454
1003,74.0,0.0,0.6363636363636364
1004,68.0,0.0,0.7272727272727273
1005,47.0,0.0,0.8181818181818182
1006,56.0,0.0,0.9090909090909091
1007,45.0,0.0,0.9999999999999999
1008,3139.0,1.0,0.0
1009,3271.0,1.0,0.09090909090909091
1010,2825.0,1.0,0.1818181818181818
1011,2251.0,1.0,0.2727272727272727
1012,3193.0,1.0,0.36363636363636365
1013,3380.0,1.0,0.4545454545454545
1014,4031.0,1.0,0.5454545454545454
1015,3007.0,1.0,0.6363636363636364
1016,3659.0,1.0,0.7272727272727273
1017,3867.0,1.0,0.8181818181818182
1018,3150.0,1.0,0.9090909090909091
1019,2661.0,1.0,0.9999999999999999
1020,3440.0,0.9500000000000001,0.0
1021,3442.0,0.9500000000000001,0.09090909090909091
1022,3940.0,0.9500000000000001,0.1818181818181818
1023,3781.0,0.9500000000000001,0.2727272727272727
1024,4046.0,0.9500000000000001,0.36363636363636365
1025,3727.0,0.9500000000000001,0.4545454545454545
1026,4763.0,0.9500000000000001,0.5454545454545454
1027,3214.0,0.9500000000000001,0.6363636363636364
1028,4042.0,0.9500000000000001,0.7272727272727273
1029,4348.0,0.9500000000000001,0.8181818181818182
1030,3805.0,0.9500000000000001,0.9090909090909091
1031,3462.0,0.9500000000000001,0.9999999999999999
1032,3328.0,0.9,0.0
1033,3109.0,0.9,0.09090909090909091
1034,3796.0,0.9,0.1818181818181818
1035,4016.0,0.9,0.2727272727272727
1036,3953.0,0.9,0.36363636363636365
1037,4284.0,0.9,0.4545454545454545
1038,4547.0,0.9,0.5454545454545454
1039,3206.0,0.9,0.6363636363636364
1040,4124.0,0.9,0.7272727272727273
1041,4468.0,0.9,0.8181818181818182
1042,4027.0,0.9,0.9090909090909091
1043,3550.0,0.9,0.9999999999999999
1044,3320.0,0.8500000000000001,0.0
1045,3223.0,0.8500000000000001,0.09090909090909091
1046,4106.0,0.8500000000000001,0.1818181818181818
1047,3533.0,0.8500000000000001,0.2727272727272727
1048,4314.0,0.8500000000000001,0.36363636363636365
1049,3818.0,0.8500000000000001,0.4545454545454545
1050,4355.0,0.8500000000000001,0.5454545454545454
1051,3267.0,0.8500000000000001,0.6363636363636364
1052,4017.0,0.8500000000000001,0.7272727272727273
1053,4198.0,0.8500000000000001,0.8181818181818182
1054,3809.0,0.8500000000000001,0.9090909090909091
1055,3494.0,0.8500000000000001,0.9999999999999999
1056,3297.0,0.8,0.0
1057,3383.0,0.8,0.09090909090909091
1058,3653.0,0.8,0.1818181818181818
1059,4209.0,0.8,0.2727272727272727
1060,3833.0,0.8,0.36363636363636365
1061,4260.0,0.8,0.4545454545454545
1062,4478.0,0.8,0.5454545454545454
1063,3400.0,0.8,0.6363636363636364
1064,4289.0,0.8,0.7272727272727273
1065,4297.0,0.8,0.8181818181818182
1066,3998.0,0.8,0.9090909090909091
1067,3700.0,0.8,0.9999999999999999
1068,3326.0,0.75,0.0
1069,3090.0,0.75,0.09090909090909091
1070,3888.0,0.75,0.1818181818181818
1071,4022.0,0.75,0.2727272727272727
1072,3915.0,0.75,0.36363636363636365
1073,3898.0,0.75,0.4545454545454545
1074,4729.0,0.75,0.5454545454545454
1075,3431.0,0.75,0.6363636363636364
1076,4015.0,0.75,0.7272727272727273
1077,4467.0,0.75,0.8181818181818182
1078,3992.0,0.75,0.9090909090909091
1079,3862.0,0.75,0.9999999999999999
1080,3410.0,0.7000000000000001,0.0
1081,3315.0,0.7000000000000001,0.09090909090909091
1082,4027.0,0.7000000000000001,0.1818181818181818
1083,3840.0,0.7000000000000001,0.2727272727272727
1084,4346.0,0.7000000000000001,0.36363636363636365
1085,3833.0,0.7000000000000001,0.4545454545454545
1086,4443.0,0.7000000000000001,0.5454545454545454
1087,3379.0,0.7000000000000001,0.6363636363636364
1088,4137.0,0.7000000000000001,0.7272727272727273
1089,4251.0,0.7000000000000001,0.8181818181818182
1090,3904.0,0.7000000000000001,0.9090909090909091
1091,3919.0,0.7000000000000001,0.9999999999999999
1092,3316.0,0.65,0.0
1093,3467.0,0.65,0.09090909090909091
1094,3712.0,0.65,0.1818181818181818
1095,4008.0,0.65,0.2727272727272727
1096,3703.0,0.65,0.36363636363636365
1097,4284.0,0.65,0.4545454545454545
1098,4641.0,0.65,0.5454545454545454
1099,3387.0,0.65,0.6363636363636364
1100,4130.0,0.65,0.7272727272727273
1101,4533.0,0.65,0.8181818181818182
1102,4043.0,0.65,0.9090909090909091
1103,3764.0,0.65,0.9999999999999999
1104,3176.0,0.6000000000000001,0.0
1105,3102.0,0.6000000000000001,0.09090909090909091
1106,3739.0,0.6000000000000001,0.1818181818181818
1107,3667.0,0.6000000000000001,0.2727272727272727
1108,4114.0,0.6000000000000001,0.36363636363636365
1109,4018.0,0.6000000000000001,0.4545454545454545
1110,4281.0,0.6000000000000001,0.5454545454545454
1111,3452.0,0.6000000000000001,0.6363636363636364
1112,3962.0,0.6000000000000001,0.7272727272727273
1113,4146.0,0.6000000000000001,0.8181818181818182
1114,3839.0,0.6000000000000001,0.9090909090909091
1115,3395.0,0.6000000000000001,0.9999999999999999
1116,2775.0,0.55,0.0
1117,2903.0,0.55,0.09090909090909091
1118,3523.0,0.55,0.1818181818181818
1119,3529.0,0.55,0.2727272727272727
1120,4143.0,0.55,0.36363636363636365
1121,3212.0,0.55,0.4545454545454545
1122,4074.0,0.55,0.5454545454545454
1123,3322.0,0.55,0.6363636363636364
1124,3730.0,0.55,0.7272727272727273
1125,3830.0,0.55,0.8181818181818182
1126,3567.0,0.55,0.9090909090909091
1127,3506.0,0.55,0.9999999999999999
1128,2346.0,0.5,0.0
1129,2539.0,0.5,0.09090909090909091
1130,3309.0,0.5,0.1818181818181818
1131,3202.0,0.5,0.2727272727272727
1132,2974.0,0.5,0.36363636363636365
1133,3193.0,0.5,0.4545454545454545
1134,3712.0,0.5,0.5454545454545454
1135,2843.0,0.5,0.6363636363636364
1136,3524.0,0.5,0.7272727272727273
1137,3500.0,0.5,0.8181818181818182
1138,3329.0,0.5,0.9090909090909091
1139,3413.0,0.5,0.9999999999999999
1140,2482.0,0.45,0.0
1141,3480.0,0.45,0.09090909090909091
1142,2744.0,0.45,0.1818181818181818
1143,2953.0,0.45,0.2727272727272727
1144,3240.0,0.45,0.36363636363636365
1145,2876.0,0.45,0.4545454545454545
1146,3622.0,0.45,0.5454545454545454
1147,2749.0,0.45,0.6363636363636364
1148,3252.0,0.45,0.7272727272727273
1149,3567.0,0.45,0.8181818181818182
1150,3294.0,0.45,0.9090909090909091
1151,3202.0,0.45,0.9999999999999999
1152,2945.0,0.4,0.0
1153,3171.0,0.4,0.09090909090909091
1154,2910.0,0.4,0.1818181818181818
1155,3339.0,0.4,0.2727272727272727
1156,3428.0,0.4,0.36363636363636365
1157,3374.0,0.4,0.4545454545454545
1158,3500.0,0.4,0.5454545454545454
1159,2870.0,0.4,0.6363636363636364
1160,3271.0,0.4,0.7272727272727273
1161,3683.0,0.4,0.8181818181818182
1162,2983.0,0.4,0.9090909090909091
1163,2888.0,0.4,0.9999999999999999
1164,2735.0,0.35000000000000003,0.0
1165,2643.0,0.35000000000000003,0.09090909090909091
1166,2836.0,0.35000000000000003,0.1818181818181818
1167,3292.0,0.35000000000000003,0.2727272727272727
1168,3529.0,0.35000000000000003,0.36363636363636365
1169,3225.0,0.35000000000000003,0.4545454545454545
1170,3622.0,0.35000000000000003,0.5454545454545454
1171,2943.0,0.35000000000000003,0.6363636363636364
1172,3414.0,0.35000000000000003,0.7272727272727273
1173,3695.0,0.35000000000000003,0.8181818181818182
1174,3444.0,0.35000000000000003,0.9090909090909091
1175,3184.0,0.35000000000000003,0.9999999999999999
1176,2893.0,0.30000000000000004,0.0
1177,2901.0,0.30000000000000004,0.09090909090909091
1178,4165.0,0.30000000000000004,0.1818181818181818
1179,2874.0,0.30000000000000004,0.2727272727272727
1180,3032.0,0.30000000000000004,0.36363636363636365
1181,2853.0,0.30000000000000004,0.4545454545454545
1182,3611.0,0.30000000000000004,0.5454545454545454
1183,2993.0,0.30000000000000004,0.6363636363636364
1184,3233.0,0.30000000000000004,0.7272727272727273
1185,3286.0,0.30000000000000004,0.8181818181818182
1186,3073.0,0.30000000000000004,0.9090909090909091
1187,3419.0,0.30000000000000004,0.9999999999999999
1188,2788.0,0.25,0.0
1189,3461.0,0.25,0.09090909090909091
1190,3560.0,0.25,0.1818181818181818
1191,3320.0,0.25,0.2727272727272727
1192,3321.0,0.25,0.36363636363636365
1193,3499.0,0.25,0.4545454545454545
1194,3631.0,0.25,0.5454545454545454
1195,2965.0,0.25,0.6363636363636364
1196,3921.0,0.25,0.7272727272727273
1197,3503.0,0.25,0.8181818181818182
1198,3205.0,0.25,0.9090909090909091
1199,3549.0,0.25,0.9999999999999999
1200,2969.0,0.2,0.0
1201,2728.0,0.2,0.09090909090909091
1202,3271.0,0.2,0.1818181818181818
1203,3183.0,0.2,0.2727272727272727
1204,3378.0,0.2,0.36363636363636365
1205,3229.0,0.2,0.4545454545454545
1206,3760.0,0.2,0.5454545454545454
1207,2926.0,0.2,0.6363636363636364
1208,3663.0,0.2,0.7272727272727273
1209,3716.0,0.2,0.8181818181818182
1210,3449.0,0.2,0.9090909090909091
1211,3792.0,0.2,0.9999999999999999
1212,3073.0,0.15000000000000002,0.0
1213,2968.0,0.15000000000000002,0.09090909090909091
1214,3060.0,0.15000000000000002,0.1818181818181818
1215,3106.0,0.15000000000000002,0.2727272727272727
1216,3255.0,0.15000000000000002,0.36363636363636365
1217,3139.0,0.15000000000000002,0.4545454545454545
1218,3321.0,0.15000000000000002,0.5454545454545454
1219,2837.0,0.15000000000000002,0.6363636363636364
1220,3393.0,0.15000000000000002,0.7272727272727273
1221,3631.0,0.15000000000000002,0.8181818181818182
1222,3325.0,0.15000000000000002,0.9090909090909091
1223,3527.0,0.15000000000000002,0.9999999999999999
1224,3063.0,0.1,0.0
1225,2892.0,0.1,0.09090909090909091
1226,3380.0,0.1,0.1818181818181818
1227,3142.0,0.1,0.2727272727272727
1228,3731.0,0.1,0.36363636363636365
1229,3586.0,0.1,0.4545454545454545
1230,3960.0,0.1,0.5454545454545454
1231,3007.0,0.1,0.6363636363636364
1232,3436.0,0.1,0.7272727272727273
1233,3859.0,0.1,0.8181818181818182
1234,3529.0,0.1,0.9090909090909091
1235,3023.0,0.1,0.9999999999999999
1236,3348.0,0.05,0.0
1237,3148.0,0.05,0.09090909090909091
1238,3970.0,0.05,0.1818181818181818
1239,3565.0,0.05,0.2727272727272727
1240,4128.0,0.05,0.36363636363636365
1241,3715.0,0.05,0.4545454545454545
1242,4288.0,0.05,0.5454545454545454
1243,3351.0,0.05,0.6363636363636364
1244,3939.0,0.05,0.7272727272727273
1245,4250.0,0.05,0.8181818181818182
1246,4022.0,0.05,0.9090909090909091
1247,3989.0,0.05,0.9999999999999999
1248,3448.0,0.0,0.0
1249,3181.0,0.0,0.09090909090909091
1250,3783.0,0.0,0.1818181818181818
1251,3317.0,0.0,0.2727272727272727
1252,4123.0,0.0,0.36363636363636365
1253,3329.0,0.0,0.4545454545454545
1254,4282.0,0.0,0.5454545454545454
1255,3387.0,0.0,0.6363636363636364
1256,3807.0,0.0,0.7272727272727273
1257,4117.0,0.0,0.8181818181818182
1258,3931.0,0.0,0.9090909090909091
1259,3789.0,0.0,0.9999999999999999
1260,301.0,1.0,0.0
1261,306.0,1.0,0.09090909090909091
1262,270.0,1.0,0.1818181818181818
1263,314.0,1.0,0.2727272727272727
1264,416.0,1.0,0.36363636363636365
1265,496.0,1.0,0.4545454545454545
1266,717.0,1.0,0.5454545454545454
1267,487.0,1.0,0.6363636363636364
1268,555.0,1.0,0.7272727272727273
1269,489.0,1.0,0.8181818181818182
1270,297.0,1.0,0.9090909090909091
1271,270.0,1.0,0.9999999999999999
1272,243.0,0.9500000000000001,0.0
1273,289.0,0.9500000000000001,0.09090909090909091
1274,369.0,0.9500000000000001,0.1818181818181818
1275,426.0,0.9500000000000001,0.2727272727272727
1276,416.0,0.9500000000000001,0.36363636363636365
1277,615.0,0.9500000000000001,0.4545454545454545
1278,762.0,0.9500000000000001,0.5454545454545454
1279,451.0,0.9500000000000001,0.6363636363636364
1280,533.0,0.9500000000000001,0.7272727272727273
1281,500.0,0.9500000000000001,0.8181818181818182
1282,383.0,0.9500000000000001,0.9090909090909091
1283,326.0,0.9500000000000001,0.9999999999999999
1284,290.0,0.9,0.0
1285,265.0,0.9,0.09090909090909091
1286,331.0,0.9,0.1818181818181818
1287,519.0,0.9,0.2727272727272727
1288,528.0,0.9,0.36363636363636365
1289,622.0,0.9,0.4545454545454545
1290,714.0,0.9,0.5454545454545454
1291,456.0,0.9,0.6363636363636364
1292,528.0,0.9,0.7272727272727273
1293,529.0,0.9,0.8181818181818182
1294,407.0,0.9,0.9090909090909091
1295,282.0,0.9,0.9999999999999999
1296,242.0,0.8500000000000001,0.0
1297,277.0,0.8500000000000001,0.09090909090909091
1298,407.0,0.8500000000000001,0.1818181818181818
1299,365.0,0.8500000000000001,0.2727272727272727
1300,545.0,0.8500000000000001,0.36363636363636365
1301,568.0,0.8500000000000001,0.4545454545454545
1302,611.0,0.8500000000000001,0.5454545454545454
1303,447.0,0.8500000000000001,0.6363636363636364
1304,430.0,0.8500000000000001,0.7272727272727273
1305,490.0,0.8500000000000001,0.8181818181818182
1306,373.0,0.8500000000000001,0.9090909090909091
1307,307.0,0.8500000000000001,0.9999999999999999
1308,298.0,0.8,0.0
1309,305.0,0.8,0.09090909090909091
1310,299.0,0.8,0.1818181818181818
1311,447.0,0.8,0.2727272727272727
1312,502.0,0.8,0.36363636363636365
1313,592.0,0.8,0.4545454545454545
1314,623.0,0.8,0.5454545454545454
1315,469.0,0.8,0.6363636363636364
1316,627.0,0.8,0.7272727272727273
1317,448.0,0.8,0.8181818181818182
1318,402.0,0.8,0.9090909090909091
1319,317.0,0.8,0.9999999999999999
1320,263.0,0.75,0.0
1321,262.0,0.75,0.09090909090909091
1322,376.0,0.75,0.1818181818181818
1323,495.0,0.75,0.2727272727272727
1324,487.0,0.75,0.36363636363636365
1325,560.0,0.75,0.4545454545454545
1326,708.0,0.75,0.5454545454545454
1327,481.0,0.75,0.6363636363636364
1328,509.0,0.75,0.7272727272727273
1329,475.0,0.75,0.8181818181818182
1330,430.0,0.75,0.9090909090909091
1331,384.0,0.75,0.9999999999999999
1332,324.0,0.7000000000000001,0.0
1333,309.0,0.7000000000000001,0.09090909090909091
1334,460.0,0.7000000000000001,0.1818181818181818
1335,455.0,0.7000000000000001,0.2727272727272727
1336,536.0,0.7000000000000001,0.36363636363636365
1337,558.0,0.7000000000000001,0.4545454545454545
1338,654.0,0.7000000000000001,0.5454545454545454
1339,432.0,0.7000000000000001,0.6363636363636364
1340,534.0,0.7000000000000001,0.7272727272727273
1341,529.0,0.7000000000000001,0.8181818181818182
1342,401.0,0.7000000000000001,0.9090909090909091
1343,331.0,0.7000000000000001,0.9999999999999999
1344,254.0,0.65,0.0
1345,263.0,0.65,0.09090909090909091
1346,284.0,0.65,0.1818181818181818
1347,440.0,0.65,0.2727272727272727
1348,454.0,0.65,0.36363636363636365
1349,580.0,0.65,0.4545454545454545
1350,812.0,0.65,0.5454545454545454
1351,514.0,0.65,0.6363636363636364
1352,531.0,0.65,0.7272727272727273
1353,510.0,0.65,0.8181818181818182
1354,388.0,0.65,0.9090909090909091
1355,356.0,0.65,0.9999999999999999
1356,273.0,0.6000000000000001,0.0
1357,233.0,0.6000000000000001,0.09090909090909091
1358,424.0,0.6000000000000001,0.1818181818181818
1359,394.0,0.6000000000000001,0.2727272727272727
1360,596.0,0.6000000000000001,0.36363636363636365
1361,577.0,0.6000000000000001,0.4545454545454545
1362,632.0,0.6000000000000001,0.5454545454545454
1363,545.0,0.6000000000000001,0.6363636363636364
1364,532.0,0.6000000000000001,0.7272727272727273
1365,477.0,0.6000000000000001,0.8181818181818182
1366,394.0,0.6000000000000001,0.9090909090909091
1367,248.0,0.6000000000000001,0.9999999999999999
1368,255.0,0.55,0.0
1369,264.0,0.55,0.09090909090909091
1370,373.0,0.55,0.1818181818181818
1371,505.0,0.55,0.2727272727272727
1372,636.0,0.55,0.36363636363636365
1373,399.0,0.55,0.4545454545454545
1374,532.0,0.55,0.5454545454545454
1375,402.0,0.55,0.6363636363636364
1376,441.0,0.55,0.7272727272727273
1377,393.0,0.55,0.8181818181818182
1378,359.0,0.55,0.9090909090909091
1379,315.0,0.55,0.9999999999999999
1380,147.0,0.5,0.0
1381,200.0,0.5,0.09090909090909091
1382,291.0,0.5,0.1818181818181818
1383,377.0,0.5,0.2727272727272727
1384,320.0,0.5,0.36363636363636365
1385,440.0,0.5,0.4545454545454545
1386,619.0,0.5,0.5454545454545454
1387,416.0,0.5,0.6363636363636364
1388,456.0,0.5,0.7272727272727273
1389,432.0,0.5,0.8181818181818182
1390,319.0,0.5,0.9090909090909091
1391,223.0,0.5,0.9999999999999999
1392,184.0,0.45,0.0
1393,273.0,0.45,0.09090909090909091
1394,202.0,0.45,0.1818181818181818
1395,357.0,0.45,0.2727272727272727
1396,454.0,0.45,0.36363636363636365
1397,371.0,0.45,0.4545454545454545
1398,476.0,0.45,0.5454545454545454
1399,376.0,0.45,0.6363636363636364
1400,388.0,0.45,0.7272727272727273
1401,360.0,0.45,0.8181818181818182
1402,312.0,0.45,0.9090909090909091
1403,312.0,0.45,0.9999999999999999
1404,260.0,0.4,0.0
1405,279.0,0.4,0.09090909090909091
1406,210.0,0.4,0.1818181818181818
1407,315.0,0.4,0.2727272727272727
1408,445.0,0.4,0.36363636363636365
1409,424.0,0.4,0.4545454545454545
1410,459.0,0.4,0.5454545454545454
1411,402.0,0.4,0.6363636363636364
1412,360.0,0.4,0.7272727272727273
1413,373.0,0.4,0.8181818181818182
1414,281.0,0.4,0.9090909090909091
1415,230.0,0.4,0.9999999999999999
1416,218.0,0.35000000000000003,0.0
1417,217.0,0.35000000000000003,0.09090909090909091
1418,293.0,0.35000000000000003,0.1818181818181818
1419,396.0,0.35000000000000003,0.2727272727272727
1420,482.0,0.35000000000000003,0.36363636363636365
1421,444.0,0.35000000000000003,0.4545454545454545
1422,435.0,0.35000000000000003,0.5454545454545454
1423,344.0,0.35000000000000003,0.6363636363636364
1424,385.0,0.35000000000000003,0.7272727272727273
1425,405.0,0.35000000000000003,0.8181818181818182
1426,324.0,0.35000000000000003,0.9090909090909091
1427,333.0,0.35000000000000003,0.9999999999999999
1428,291.0,0.30000000000000004,0.0
1429,237.0,0.30000000000000004,0.09090909090909091
1430,275.0,0.30000000000000004,0.1818181818181818
1431,301.0,0.30000000000000004,0.2727272727272727
1432,471.0,0.30000000000000004,0.36363636363636365
1433,406.0,0.30000000000000004,0.4545454545454545
1434,671.0,0.30000000000000004,0.5454545454545454
1435,422.0,0.30000000000000004,0.6363636363636364
1436,407.0,0.30000000000000004,0.7272727272727273
1437,500.0,0.30000000000000004,0.8181818181818182
1438,384.0,0.30000000000000004,0.9090909090909091
1439,386.0,0.30000000000000004,0.9999999999999999
1440,244.0,0.25,0.0
1441,229.0,0.25,0.09090909090909091
1442,299.0,0.25,0.1818181818181818
1443,422.0,0.25,0.2727272727272727
1444,521.0,0.25,0.36363636363636365
1445,627.0,0.25,0.4545454545454545
1446,558.0,0.25,0.5454545454545454
1447,462.0,0.25,0.6363636363636364
1448,678.0,0.25,0.7272727272727273
1449,451.0,0.25,0.8181818181818182
1450,496.0,0.25,0.9090909090909091
1451,487.0,0.25,0.9999999999999999
1452,286.0,0.2,0.0
1453,240.0,0.2,0.09090909090909091
1454,321.0,0.2,0.1818181818181818
1455,388.0,0.2,0.2727272727272727
1456,476.0,0.2,0.36363636363636365
1457,491.0,0.2,0.4545454545454545
1458,646.0,0.2,0.5454545454545454
1459,584.0,0.2,0.6363636363636364
1460,541.0,0.2,0.7272727272727273
1461,465.0,0.2,0.8181818181818182
1462,360.0,0.2,0.9090909090909091
1463,416.0,0.2,0.9999999999999999
1464,282.0,0.15000000000000002,0.0
1465,232.0,0.15000000000000002,0.09090909090909091
1466,374.0,0.15000000000000002,0.1818181818181818
1467,429.0,0.15000000000000002,0.2727272727272727
1468,510.0,0.15000000000000002,0.36363636363636365
1469,566.0,0.15000000000000002,0.4545454545454545
1470,538.0,0.15000000000000002,0.5454545454545454
1471,461.0,0.15000000000000002,0.6363636363636364
1472,452.0,0.15000000000000002,0.7272727272727273
1473,466.0,0.15000000000000002,0.8181818181818182
1474,359.0,0.15000000000000002,0.9090909090909091
1475,383.0,0.15000000000000002,0.9999999999999999
1476,328.0,0.1,0.0
1477,316.0,0.1,0.09090909090909091
1478,414.0,0.1,0.1818181818181818
1479,432.0,0.1,0.2727272727272727
1480,537.0,0.1,0.36363636363636365
1481,675.0,0.1,0.4545454545454545
1482,711.0,0.1,0.5454545454545454
1483,479.0,0.1,0.6363636363636364
1484,509.0,0.1,0.7272727272727273
1485,467.0,0.1,0.8181818181818182
1486,448.0,0.1,0.9090909090909091
1487,304.0,0.1,0.9999999999999999
1488,354.0,0.05,0.0
1489,343.0,0.05,0.09090909090909091
1490,426.0,0.05,0.1818181818181818
1491,454.0,0.05,0.2727272727272727
1492,655.0,0.05,0.36363636363636365
1493,560.0,0.05,0.4545454545454545
1494,755.0,0.05,0.5454545454545454
1495,510.0,0.05,0.6363636363636364
1496,497.0,0.05,0.7272727272727273
1497,581.0,0.05,0.8181818181818182
1498,436.0,0.05,0.9090909090909091
1499,377.0,0.05,0.9999999999999999
1500,321.0,0.0,0.0
1501,329.0,0.0,0.09090909090909091
1502,414.0,0.0,0.1818181818181818
1503,441.0,0.0,0.2727272727272727
1504,568.0,0.0,0.36363636363636365
1505,555.0,0.0,0.4545454545454545
1506,610.0,0.0,0.5454545454545454
1507,525.0,0.0,0.6363636363636364
1508,557.0,0.0,0.7272727272727273
1509,493.0,0.0,0.8181818181818182
1510,461.0,0.0,0.9090909090909091
1511,403.0,0.0,0.9999999999999999
1512,360.0,1.0,0.0
1513,355.0,1.0,0.09090909090909091
1514,334.0,1.0,0.1818181818181818
1515,363.0,1.0,0.2727272727272727
1516,464.0,1.0,0.36363636363636365
1517,585.0,1.0,0.4545454545454545
1518,821.0,1.0,0.5454545454545454
1519,563.0,1.0,0.6363636363636364
1520,634.0,1.0,0.7272727272727273
1521,566.0,1.0,0.8181818181818182
1522,348.0,1.0,0.9090909090909091
1523,311.0,1.0,0.9999999999999999
1524,297.0,0.9500000000000001,0.0
1525,345.0,0.9500000000000001,0.09090909090909091
1526,427.0,0.9500000000000001,0.1818181818181818
1527,515.0,0.9500000000000001,0.2727272727272727
1528,484.0,0.9500000000000001,0.36363636363636365
1529,710.0,0.9500000000000001,0.4545454545454545
1530,898.0,0.9500000000000001,0.5454545454545454
1531,532.0,0.9500000000000001,0.6363636363636364
1532,609.0,0.9500000000000001,0.7272727272727273
1533,591.0,0.9500000000000001,0.8181818181818182
1534,453.0,0.9500000000000001,0.9090909090909091
1535,378.0,0.9500000000000001,0.9999999999999999
1536,350.0,0.9,0.0
1537,328.0,0.9,0.09090909090909091
1538,383.0,0.9,0.1818181818181818
1539,619.0,0.9,0.2727272727272727
1540,640.0,0.9,0.36363636363636365
1541,732.0,0.9,0.4545454545454545
1542,852.0,0.9,0.5454545454545454
1543,529.0,0.9,0.6363636363636364
1544,645.0,0.9,0.7272727272727273
1545,616.0,0.9,0.8181818181818182
1546,485.0,0.9,0.9090909090909091
1547,348.0,0.9,0.9999999999999999
1548,307.0,0.8500000000000001,0.0
1549,334.0,0.8500000000000001,0.09090909090909091
1550,486.0,0.8500000000000001,0.1818181818181818
1551,439.0,0.8500000000000001,0.2727272727272727
1552,631.0,0.8500000000000001,0.36363636363636365
1553,668.0,0.8500000000000001,0.4545454545454545
1554,752.0,0.8500000000000001,0.5454545454545454
1555,504.0,0.8500000000000001,0.6363636363636364
1556,546.0,0.8500000000000001,0.7272727272727273
1557,572.0,0.8500000000000001,0.8181818181818182
1558,443.0,0.8500000000000001,0.9090909090909091
1559,376.0,0.8500000000000001,0.9999999999999999
1560,380.0,0.8,0.0
1561,351.0,0.8,0.09090909090909091
1562,370.0,0.8,0.1818181818181818
1563,545.0,0.8,0.2727272727272727
1564,602.0,0.8,0.36363636363636365
1565,691.0,0.8,0.4545454545454545
1566,742.0,0.8,0.5454545454545454
1567,540.0,0.8,0.6363636363636364
1568,759.0,0.8,0.7272727272727273
1569,559.0,0.8,0.8181818181818182
1570,489.0,0.8,0.9090909090909091
1571,381.0,0.8,0.9999999999999999
1572,334.0,0.75,0.0
1573,321.0,0.75,0.09090909090909091
1574,471.0,0.75,0.1818181818181818
1575,598.0,0.75,0.2727272727272727
1576,604.0,0.75,0.36363636363636365
1577,673.0,0.75,0.4545454545454545
1578,809.0,0.75,0.5454545454545454
1579,546.0,0.75,0.6363636363636364
1580,614.0,0.75,0.7272727272727273
1581,569.0,0.75,0.8181818181818182
1582,506.0,0.75,0.9090909090909091
1583,479.0,0.75,0.9999999999999999
1584,412.0,0.7000000000000001,0.0
1585,372.0,0.7000000000000001,0.09090909090909091
1586,559.0,0.7000000000000001,0.1818181818181818
1587,549.0,0.7000000000000001,0.2727272727272727
1588,671.0,0.7000000000000001,0.36363636363636365
1589,656.0,0.7000000000000001,0.4545454545454545
1590,783.0,0.7000000000000001,0.5454545454545454
1591,517.0,0.7000000000000001,0.6363636363636364
1592,620.0,0.7000000000000001,0.7272727272727273
1593,652.0,0.7000000000000001,0.8181818181818182
1594,464.0,0.7000000000000001,0.9090909090909091
1595,413.0,0.7000000000000001,0.9999999999999999
1596,320.0,0.65,0.0
1597,326.0,0.65,0.09090909090909091
1598,350.0,0.65,0.1818181818181818
1599,523.0,0.65,0.2727272727272727
1600,530.0,0.65,0.36363636363636365
1601,734.0,0.65,0.4545454545454545
1602,976.0,0.65,0.5454545454545454
1603,645.0,0.65,0.6363636363636364
1604,617.0,0.65,0.7272727272727273
1605,595.0,0.65,0.8181818181818182
1606,483.0,0.65,0.9090909090909091
1607,423.0,0.65,0.9999999999999999
1608,338.0,0.6000000000000001,0.0
1609,290.0,0.6000000000000001,0.09090909090909091
1610,526.0,0.6000000000000001,0.1818181818181818
1611,485.0,0.6000000000000001,0.2727272727272727
1612,719.0,0.6000000000000001,0.36363636363636365
1613,681.0,0.6000000000000001,0.4545454545454545
1614,730.0,0.6000000000000001,0.5454545454545454
1615,635.0,0.6000000000000001,0.6363636363636364
1616,632.0,0.6000000000000001,0.7272727272727273
1617,580.0,0.6000000000000001,0.8181818181818182
1618,471.0,0.6000000000000001,0.9090909090909091
1619,317.0,0.6000000000000001,0.9999999999999999
1620,328.0,0.55,0.0
1621,343.0,0.55,0.09090909090909091
1622,425.0,0.55,0.1818181818181818
1623,604.0,0.55,0.2727272727272727
1624,765.0,0.55,0.36363636363636365
1625,472.0,0.55,0.4545454545454545
1626,637.0,0.55,0.5454545454545454
1627,487.0,0.55,0.6363636363636364
1628,519.0,0.55,0.7272727272727273
1629,481.0,0.55,0.8181818181818182
1630,438.0,0.55,0.9090909090909091
1631,370.0,0.55,0.9999999999999999
1632,192.0,0.5,0.0
1633,247.0,0.5,0.09090909090909091
1634,341.0,0.5,0.1818181818181818
1635,216.0,0.5,0.2727272727272727
1636,389.0,0.5,0.36363636363636365
1637,517.0,0.5,0.4545454545454545
1638,721.0,0.5,0.5454545454545454
1639,481.0,0.5,0.6363636363636364
1640,534.0,0.5,0.7272727272727273
1641,524.0,0.5,0.8181818181818182
1642,383.0,0.5,0.9090909090909091
1643,277.0,0.5,0.9999999999999999
1644,223.0,0.45,0.0
1645,340.0,0.45,0.09090909090909091
1646,245.0,0.45,0.1818181818181818
1647,416.0,0.45,0.2727272727272727
1648,535.0,0.45,0.36363636363636365
1649,443.0,0.45,0.4545454545454545
1650,556.0,0.45,0.5454545454545454
1651,466.0,0.45,0.6363636363636364
1652,452.0,0.45,0.7272727272727273
1653,432.0,0.45,0.8181818181818182
1654,366.0,0.45,0.9090909090909091
1655,391.0,0.45,0.9999999999999999
1656,307.0,0.4,0.0
1657,340.0,0.4,0.09090909090909091
1658,254.0,0.4,0.1818181818181818
1659,355.0,0.4,0.2727272727272727
1660,534.0,0.4,0.36363636363636365
1661,473.0,0.4,0.4545454545454545
1662,538.0,0.4,0.5454545454545454
1663,480.0,0.4,0.6363636363636364
1664,422.0,0.4,0.7272727272727273
1665,455.0,0.4,0.8181818181818182
1666,321.0,0.4,0.9090909090909091
1667,272.0,0.4,0.9999999999999999
1668,268.0,0.35000000000000003,0.0
1669,277.0,0.35000000000000003,0.09090909090909091
1670,347.0,0.35000000000000003,0.1818181818181818
1671,500.0,0.35000000000000003,0.2727272727272727
1672,591.0,0.35000000000000003,0.36363636363636365
1673,535.0,0.35000000000000003,0.4545454545454545
1674,511.0,0.35000000000000003,0.5454545454545454
1675,422.0,0.35000000000000003,0.6363636363636364
1676,462.0,0.35000000000000003,0.7272727272727273
1677,491.0,0.35000000000000003,0.8181818181818182
1678,405.0,0.35000000000000003,0.9090909090909091
1679,414.0,0.35000000000000003,0.9999999999999999
1680,364.0,0.30000000000000004,0.0
1681,279.0,0.30000000000000004,0.09090909090909091
1682,375.0,0.30000000000000004,0.1818181818181818
1683,387.0,0.30000000000000004,0.2727272727272727
1684,564.0,0.30000000000000004,0.36363636363636365
1685,479.0,0.30000000000000004,0.4545454545454545
1686,787.0,0.30000000000000004,0.5454545454545454
1687,513.0,0.30000000000000004,0.6363636363636364
1688,490.0,0.30000000000000004,0.7272727272727273
1689,632.0,0.30000000000000004,0.8181818181818182
1690,468.0,0.30000000000000004,0.9090909090909091
1691,466.0,0.30000000000000004,0.9999999999999999
1692,306.0,0.25,0.0
1693,282.0,0.25,0.09090909090909091
1694,385.0,0.25,0.1818181818181818
1695,514.0,0.25,0.2727272727272727
1696,618.0,0.25,0.36363636363636365
1697,729.0,0.25,0.4545454545454545
1698,675.0,0.25,0.5454545454545454
1699,582.0,0.25,0.6363636363636364
1700,825.0,0.25,0.7272727272727273
1701,568.0,0.25,0.8181818181818182
1702,458.0,0.25,0.9090909090909091
1703,460.0,0.25,0.9999999999999999
1704,377.0,0.2,0.0
1705,310.0,0.2,0.09090909090909091
1706,403.0,0.2,0.1818181818181818
1707,461.0,0.2,0.2727272727272727
1708,600.0,0.2,0.36363636363636365
1709,598.0,0.2,0.4545454545454545
1710,811.0,0.2,0.5454545454545454
1711,584.0,0.2,0.6363636363636364
1712,659.0,0.2,0.7272727272727273
1713,561.0,0.2,0.8181818181818182
1714,439.0,0.2,0.9090909090909091
1715,416.0,0.2,0.9999999999999999
1716,358.0,0.15000000000000002,0.0
1717,308.0,0.15000000000000002,0.09090909090909091
1718,476.0,0.15000000000000002,0.1818181818181818
1719,535.0,0.15000000000000002,0.2727272727272727
1720,632.0,0.15000000000000002,0.36363636363636365
1721,723.0,0.15000000000000002,0.4545454545454545
1722,644.0,0.15000000000000002,0.5454545454545454
1723,577.0,0.15000000000000002,0.6363636363636364
1724,560.0,0.15000000000000002,0.7272727272727273
1725,595.0,0.15000000000000002,0.8181818181818182
1726,464.0,0.15000000000000002,0.9090909090909091
1727,493.0,0.15000000000000002,0.9999999999999999
1728,431.0,0.1,0.0
1729,393.0,0.1,0.09090909090909091
1730,520.0,0.1,0.1818181818181818
1731,521.0,0.1,0.2727272727272727
1732,654.0,0.1,0.36363636363636365
1733,833.0,0.1,0.4545454545454545
1734,865.0,0.1,0.5454545454545454
1735,601.0,0.1,0.6363636363636364
1736,621.0,0.1,0.7272727272727273
1737,630.0,0.1,0.8181818181818182
1738,563.0,0.1,0.9090909090909091
1739,394.0,0.1,0.9999999999999999
1740,448.0,0.05,0.0
1741,439.0,0.05,0.09090909090909091
1742,535.0,0.05,0.1818181818181818
1743,578.0,0.05,0.2727272727272727
1744,817.0,0.05,0.36363636363636365
1745,679.0,0.05,0.4545454545454545
1746,921.0,0.05,0.5454545454545454
1747,600.0,0.05,0.6363636363636364
1748,643.0,0.05,0.7272727272727273
1749,717.0,0.05,0.8181818181818182
1750,568.0,0.05,0.9090909090909091
1751,507.0,0.05,0.9999999999999999
1752,434.0,0.0,0.0
1753,419.0,0.0,0.09090909090909091
1754,509.0,0.0,0.1818181818181818
1755,557.0,0.0,0.2727272727272727
1756,675.0,0.0,0.36363636363636365
1757,685.0,0.0,0.4545454545454545
1758,744.0,0.0,0.5454545454545454
1759,647.0,0.0,0.6363636363636364
1760,675.0,0.0,0.7272727272727273
1761,615.0,0.0,0.8181818181818182
1762,578.0,0.0,0.9090909090909091
1763,515.0,0.0,0.9999999999999999
